-- SUBSELECT TABLES

insert into SUBSELECT_DEPARTMENT (DEPARTMENT_ID,DEPARTMENT_NAME,LOCATION) values (1,'A','La Plata');
insert into SUBSELECT_DEPARTMENT (DEPARTMENT_ID,DEPARTMENT_NAME,LOCATION) values (2,'B','La Plata');
insert into SUBSELECT_DEPARTMENT (DEPARTMENT_ID,DEPARTMENT_NAME,LOCATION) values (3,'C','La Plata');

insert into SUBSELECT_EMPLOYEE (EMPLOYEE_ID,EMPLOYEE_NAME,DEPARTMENT_ID) values (100,'Alejandro',1)
insert into SUBSELECT_EMPLOYEE (EMPLOYEE_ID,EMPLOYEE_NAME,DEPARTMENT_ID) values (101,'Alejandro',1)
insert into SUBSELECT_EMPLOYEE (EMPLOYEE_ID,EMPLOYEE_NAME,DEPARTMENT_ID) values (102,'Alejandro',1)
insert into SUBSELECT_EMPLOYEE (EMPLOYEE_ID,EMPLOYEE_NAME,DEPARTMENT_ID) values (103,'Alejandro',1)
insert into SUBSELECT_EMPLOYEE (EMPLOYEE_ID,EMPLOYEE_NAME,DEPARTMENT_ID) values (104,'Alejandro',1)
insert into SUBSELECT_EMPLOYEE (EMPLOYEE_ID,EMPLOYEE_NAME,DEPARTMENT_ID) values (105,'Alejandro',1)
insert into SUBSELECT_EMPLOYEE (EMPLOYEE_ID,EMPLOYEE_NAME,DEPARTMENT_ID) values (106,'Alejandro',1)
insert into SUBSELECT_EMPLOYEE (EMPLOYEE_ID,EMPLOYEE_NAME,DEPARTMENT_ID) values (107,'Alejandro',1)
insert into SUBSELECT_EMPLOYEE (EMPLOYEE_ID,EMPLOYEE_NAME,DEPARTMENT_ID) values (108,'Alejandro',1)

insert into SUBSELECT_EMPLOYEE (EMPLOYEE_ID,EMPLOYEE_NAME,DEPARTMENT_ID) values (200,'Gabriel',2)
insert into SUBSELECT_EMPLOYEE (EMPLOYEE_ID,EMPLOYEE_NAME,DEPARTMENT_ID) values (201,'Gabriel',2)
insert into SUBSELECT_EMPLOYEE (EMPLOYEE_ID,EMPLOYEE_NAME,DEPARTMENT_ID) values (202,'Gabriel',2)
insert into SUBSELECT_EMPLOYEE (EMPLOYEE_ID,EMPLOYEE_NAME,DEPARTMENT_ID) values (203,'Gabriel',2)

insert into SUBSELECT_EMPLOYEE (EMPLOYEE_ID,EMPLOYEE_NAME,DEPARTMENT_ID) values (300,'Danilo',3)
insert into SUBSELECT_EMPLOYEE (EMPLOYEE_ID,EMPLOYEE_NAME,DEPARTMENT_ID) values (301,'Danilo',3)
insert into SUBSELECT_EMPLOYEE (EMPLOYEE_ID,EMPLOYEE_NAME,DEPARTMENT_ID) values (302,'Danilo',3)


--  SELECT TABLES

insert into SELECT_DEPARTMENT (DEPARTMENT_ID,DEPARTMENT_NAME,LOCATION) values (1,'A','La Plata');
insert into SELECT_DEPARTMENT (DEPARTMENT_ID,DEPARTMENT_NAME,LOCATION) values (2,'B','La Plata');
insert into SELECT_DEPARTMENT (DEPARTMENT_ID,DEPARTMENT_NAME,LOCATION) values (3,'C','La Plata');

insert into SELECT_EMPLOYEE (EMPLOYEE_ID,EMPLOYEE_NAME,DEPARTMENT_ID) values (100,'Alejandro',1)
insert into SELECT_EMPLOYEE (EMPLOYEE_ID,EMPLOYEE_NAME,DEPARTMENT_ID) values (101,'Alejandro',1)
insert into SELECT_EMPLOYEE (EMPLOYEE_ID,EMPLOYEE_NAME,DEPARTMENT_ID) values (102,'Alejandro',1)
insert into SELECT_EMPLOYEE (EMPLOYEE_ID,EMPLOYEE_NAME,DEPARTMENT_ID) values (103,'Alejandro',1)
insert into SELECT_EMPLOYEE (EMPLOYEE_ID,EMPLOYEE_NAME,DEPARTMENT_ID) values (104,'Alejandro',1)
insert into SELECT_EMPLOYEE (EMPLOYEE_ID,EMPLOYEE_NAME,DEPARTMENT_ID) values (105,'Alejandro',1)
insert into SELECT_EMPLOYEE (EMPLOYEE_ID,EMPLOYEE_NAME,DEPARTMENT_ID) values (106,'Alejandro',1)
insert into SELECT_EMPLOYEE (EMPLOYEE_ID,EMPLOYEE_NAME,DEPARTMENT_ID) values (107,'Alejandro',1)
insert into SELECT_EMPLOYEE (EMPLOYEE_ID,EMPLOYEE_NAME,DEPARTMENT_ID) values (108,'Alejandro',1)

insert into SELECT_EMPLOYEE (EMPLOYEE_ID,EMPLOYEE_NAME,DEPARTMENT_ID) values (200,'Gabriel',2)
insert into SELECT_EMPLOYEE (EMPLOYEE_ID,EMPLOYEE_NAME,DEPARTMENT_ID) values (201,'Gabriel',2)
insert into SELECT_EMPLOYEE (EMPLOYEE_ID,EMPLOYEE_NAME,DEPARTMENT_ID) values (202,'Gabriel',2)
insert into SELECT_EMPLOYEE (EMPLOYEE_ID,EMPLOYEE_NAME,DEPARTMENT_ID) values (203,'Gabriel',2)

insert into SELECT_EMPLOYEE (EMPLOYEE_ID,EMPLOYEE_NAME,DEPARTMENT_ID) values (300,'Danilo',3)
insert into SELECT_EMPLOYEE (EMPLOYEE_ID,EMPLOYEE_NAME,DEPARTMENT_ID) values (301,'Danilo',3)
insert into SELECT_EMPLOYEE (EMPLOYEE_ID,EMPLOYEE_NAME,DEPARTMENT_ID) values (302,'Danilo',3)


--  BATCH TABLES

insert into BATCH_DEPARTMENT (DEPARTMENT_ID,DEPARTMENT_NAME,LOCATION) values (1,'A','La Plata');
insert into BATCH_DEPARTMENT (DEPARTMENT_ID,DEPARTMENT_NAME,LOCATION) values (2,'B','La Plata');
insert into BATCH_DEPARTMENT (DEPARTMENT_ID,DEPARTMENT_NAME,LOCATION) values (3,'C','La Plata');

insert into BATCH_EMPLOYEE (EMPLOYEE_ID,EMPLOYEE_NAME,DEPARTMENT_ID) values (100,'Alejandro',1)
insert into BATCH_EMPLOYEE (EMPLOYEE_ID,EMPLOYEE_NAME,DEPARTMENT_ID) values (101,'Alejandro',1)
insert into BATCH_EMPLOYEE (EMPLOYEE_ID,EMPLOYEE_NAME,DEPARTMENT_ID) values (102,'Alejandro',1)
insert into BATCH_EMPLOYEE (EMPLOYEE_ID,EMPLOYEE_NAME,DEPARTMENT_ID) values (103,'Alejandro',1)
insert into BATCH_EMPLOYEE (EMPLOYEE_ID,EMPLOYEE_NAME,DEPARTMENT_ID) values (104,'Alejandro',1)
insert into BATCH_EMPLOYEE (EMPLOYEE_ID,EMPLOYEE_NAME,DEPARTMENT_ID) values (105,'Alejandro',1)
insert into BATCH_EMPLOYEE (EMPLOYEE_ID,EMPLOYEE_NAME,DEPARTMENT_ID) values (106,'Alejandro',1)
insert into BATCH_EMPLOYEE (EMPLOYEE_ID,EMPLOYEE_NAME,DEPARTMENT_ID) values (107,'Alejandro',1)
insert into BATCH_EMPLOYEE (EMPLOYEE_ID,EMPLOYEE_NAME,DEPARTMENT_ID) values (108,'Alejandro',1)

insert into BATCH_EMPLOYEE (EMPLOYEE_ID,EMPLOYEE_NAME,DEPARTMENT_ID) values (200,'Gabriel',2)
insert into BATCH_EMPLOYEE (EMPLOYEE_ID,EMPLOYEE_NAME,DEPARTMENT_ID) values (201,'Gabriel',2)
insert into BATCH_EMPLOYEE (EMPLOYEE_ID,EMPLOYEE_NAME,DEPARTMENT_ID) values (202,'Gabriel',2)
insert into BATCH_EMPLOYEE (EMPLOYEE_ID,EMPLOYEE_NAME,DEPARTMENT_ID) values (203,'Gabriel',2)

insert into BATCH_EMPLOYEE (EMPLOYEE_ID,EMPLOYEE_NAME,DEPARTMENT_ID) values (300,'Danilo',3)
insert into BATCH_EMPLOYEE (EMPLOYEE_ID,EMPLOYEE_NAME,DEPARTMENT_ID) values (301,'Danilo',3)
insert into BATCH_EMPLOYEE (EMPLOYEE_ID,EMPLOYEE_NAME,DEPARTMENT_ID) values (302,'Danilo',3)